类型,作者,体裁,form_id,长度,清洗后文本,原始文本
最短,崔信明,其他,-1,6,枫落吴江冷。,楓落吳江冷。
最长,李瀚,长篇,-1,2980,王戎简要，裴楷清通。孔明卧龙，吕望非熊。杨震关西，丁宽易东。谢安高洁，王导公忠。匡衡凿壁，孙敬闭户。郅都苍鹰，宁成乳虎。周嵩狼抗，梁冀跋扈。郗超䫇参，王珣短簿。伏波标柱，博望寻河。李陵初诗，田横感歌。...,王戎簡要，裴楷清通。孔明臥龍，呂望非熊。楊震關西，丁寬易東。謝安高潔，王導公忠。匡衡鑿壁，孫敬閉戶。郅都蒼鷹，寧成乳虎。周嵩狼抗，梁冀跋扈。郗超䫇參，王珣短簿。伏波標柱，博望尋河。李陵初詩，田橫感歌。
五言绝句,陸龜蒙,五言绝句,0,24,裁得尺锦书，欲寄东飞凫。胫短翅亦短，雌雄恋菰蒲。,裁得尺錦書，欲寄東飛鳧。脛短翅亦短，雌雄戀菰蒲。
七言绝句,段成式,七言绝句,1,32,半岁愁中镜似荷，牵环撩鬓却须磨。花前不复抱瓶渴，月底还应琢刺歌。,半歲愁中鏡似荷，牽環撩鬢却須磨。花前不復抱瓶渴，月底還應琢刺歌。
五言律诗,李羣玉,五言律诗,2,48,云卧竟不起，少微空陨光。唯应孔北海，为立郑公乡。旧馆苔藓合，幽斋松菊荒。空余书带草，日日上阶长。,雲臥竟不起，少微空隕光。唯應孔北海，爲立鄭公鄉。舊館苔蘚合，幽齋松菊荒。空餘書帶草，日日上階長。
七言律诗,司空圖,七言律诗,3,64,自怜旅舍亦酣歌，世路无机奈尔何。霄汉逼来心不动，鬓毛白尽兴犹多。残阳暂照乡关近，远鸟因投岳庙过。闲得此身归未得，磬声深夏隔烟萝。,自憐旅舍亦酣歌，世路無機奈爾何。霄漢逼來心不動，鬢毛白盡興猶多。殘陽暫照鄉關近，遠鳥因投嶽廟過。閑得此身歸未得，磬聲深夏隔煙蘿。
长篇,皮日休,长篇,-1,216,艇子小且兀，缘湖荡白芷。萦纡泊一埼，宛到孤园寺。萝岛凝清阴，松门湛虚翠。寒泉飞碧螭，古木鬬苍兕。钟梵在水魄，楼台入云肆。岩边足鸣𧔢，树杪多飞鸓。香莎满院落，风泛金靃靡。静鹤啄柏蠹，闲猱弄榅䗁。小殿熏陆...,艇子小且兀，緣湖蕩白芷。縈紆泊一碕，宛到孤園寺。蘿島凝清陰，松門湛虛翠。寒泉飛碧螭，古木鬬蒼兕。鐘梵在水魄，樓臺入雲肆。巖邊足鳴𧔢，樹杪多飛鸓。香莎滿院落，風汎金靃靡。靜鶴啄柏蠹，閑猱弄榅䗁。小殿熏陸
其他,顏真卿,其他,-1,84,泛花邀坐客，代饮引情言。醒酒宜华席，留僧想独园。不须攀月桂，何假树庭萱。御史秋风劲，尚书北斗尊。流华净肌骨，疏瀹涤心原。不似春醪醉，何辞绿菽繁。素瓷传静夜，芳气满闲轩。,泛花邀坐客，代飲引情言。醒酒宜華席，留僧想獨園。不須攀月桂，何假樹庭萱。御史秋風勁，尚書北斗尊。流華淨肌骨，疏瀹滌心原。不似春醪醉，何辭綠菽繁。素瓷傳靜夜，芳氣滿閑軒。
噪声-过长,太宗皇帝,N/A,-1,80,执契静三边，持衡临万姓。玉彩辉关烛，金华流日镜。无为宇宙清，有美璇玑正。皎佩星连景，飘衣云结庆。戢武耀七德，升文辉九功。烟波澄旧碧，尘火息前红。霜野韬莲劒，关城,執契靜三邊，持衡臨萬姓。玉彩輝關燭，金華流日鏡。無爲宇宙清，有美璇璣正。皎佩星連景，飄衣雲結慶。戢武耀七德，昇文輝九功。煙波澄舊碧，塵火息前紅。霜野韜蓮劒，關城罷月弓。錢綴榆天合，新城柳塞空。花銷蔥嶺
噪声-过长,太宗皇帝,N/A,-1,80,二仪初创象，三才乃分位。非惟树司牧，固亦垂文字。緜代更膺期，芳图无辍记。炎汉承君道，英谟纂神器。潜龙既可跃，逵兔奚难致。前史殚妙词，后昆沈雅思。书言扬盛迹，补阙,二儀初創象，三才乃分位。非惟樹司牧，固亦垂文字。緜代更膺期，芳圖無輟記。炎漢承君道，英謨纂神器。潛龍既可躍，逵兔奚難致。前史殫妙詞，後昆沈雅思。書言揚盛跡，補闕興洪志。川谷猶舊途，郡國開新意。梅山未覺
噪声-过长,明皇帝,N/A,-1,80,暇景属三春，高台聊四望。目极千里际，山川一何壮。太华见重岩，终南分叠嶂。郊原纷绮错，参差多异状。佳气满通沟，迟步入绮楼。初鸎一一鸣红树，归雁双双去绿洲。太液池中,暇景屬三春，高臺聊四望。目極千里際，山川一何壯。太華見重巖，終南分疊嶂。郊原紛綺錯，參差多異狀。佳氣滿通溝，遲步入綺樓。初鸎一一鳴紅樹，歸雁雙雙去綠洲。太液池中下黃鶴，昆明水上映牽牛。聞道漢家全盛日，
噪声-过长,後主煜,N/A,-1,80,迢迢牵牛星，杳在河之阳。粲粲黄姑女，耿耿遥相望。鸎狂应有恨，蝶舞已无多。揖让月在手，动摇风满怀。病态如衰弱，厌厌向五年。衰颜一病难牵复，晓殿君临颇自羞。冷笑秦皇,迢迢牽牛星，杳在河之陽。粲粲黃姑女，耿耿遙相望。鸎狂應有恨，蝶舞已無多。揖讓月在手，動搖風滿懷。病態如衰弱，厭厭向五年。衰顏一病難牽復，曉殿君臨頗自羞。冷笑秦皇經遠略，靜憐姬滿苦時巡。鬢從今日添新白，
噪声-过长,韓王從善,N/A,-1,80,绿影覆幽池，芳菲四月时。管弦朝夕兴，组绣百千枝。盛引墙看徧，高烦架屡移。露轻濡彩笔，蜂误拂吟髭。日照玲珑幔，风摇翡翠帷。早红飘藓地，狂蔓挂蛛丝。嫩刺牵衣细，新条,綠影覆幽池，芳菲四月時。管弦朝夕興，組繡百千枝。盛引牆看徧，高煩架屢移。露輕濡綵筆，蜂誤拂吟髭。日照玲瓏幔，風搖翡翠帷。早紅飄蘚地，狂蔓挂蛛絲。嫩刺牽衣細，新條窣草垂。晚香難暫捨，嬌態自相窺。深淺分前
噪声-过长,李白,N/A,-1,80,君不见黄河之水天上来，奔流到海不复回。君不见高堂明镜悲白发，朝如青丝暮成雪。人生得意须尽欢，莫使金尊空对月。天生我材必有用，千金散尽还复来。烹羊宰牛且为乐，会须,穿屋穿牆不知止，爭樹爭巢入營死。林間公子挾彈弓，一丸致斃花叢裏。小雛黃口未有知，青天不解高高飛。虞人設網當要路，白日啾嘲禍萬機。
噪声-过长,王勃,N/A,-1,80,临高台，高台迢递绝浮埃。瑶轩绮构何崔嵬，鸾歌凤吹清且哀。俯瞰长安道，萋萋御沟草。斜对甘泉路，苍苍茂陵树。高台四望同，帝乡佳气郁葱葱。紫阁丹楼纷照曜，璧房锦殿相玲,麴氏雄西北，別絕臣外區。既恃遠且險，縱傲不我虞。烈烈王者師，熊螭以爲徒。龍旂飜海浪，馹騎馳坤隅。賁育搏嬰兒，一掃不復餘。平沙際天極，但見黃雲驅。臣靖執長纓，智勇伏囚拘。文皇南面坐，夷狄千羣趨。咸稱天子
噪声-空文本,顧況,N/A,-1,0,,幽州胡馬客，綠眼虎皮冠。笑拂兩隻箭，萬人不可干。彎弓若轉月，白雁落雲端。雙雙掉鞭行，遊獵向樓蘭。出門不顧後，報國死何難。天驕五單于，狼戾好凶殘。牛馬散北海，割鮮若虎餐。雖居燕支山，不道朔雪寒。婦女馬上
噪声-过长,韋應物,N/A,-1,80,汉家宫殿含云烟，两宫十里相连延。晨霞出没弄丹阙，春雨依微自甘泉。春雨依微春尚早，长安贵游爱芳草。宝马横来下建章，香车却转避驰道。贵游谁最贵，卫霍世难比。何能蒙主,爲底胡姬酒，長來白鼻騧。摘蓮拋水上，郎意在浮花。
噪声-过长,溫庭筠,N/A,-1,80,妾家白苹浦，日上芙蓉檝。轧轧摇桨声，移舟入茭叶。溪长茭叶深，作底难相寻。避郎郎不见，㶉𫛶自浮沈。拾萍萍无根，采莲莲有子。不作浮萍生，宁作藕花死。岸傍骑马郎，乌帽,勸君莫拒杯，春風笑人來。桃李如舊識，傾花向我開。流鶯啼碧樹，明月窺金罍。昨來朱顏子，今日白髮催。棘生石虎殿，鹿走姑蘇臺。自古帝王宅，城闕閉黃埃。君若不飲酒，昔人安在哉。
